﻿{
  "Name": "Inspire",
  "Version": "1.1.6",
  "Author": "louie",
  "Url": "https://www.cssplus.org",
  "Switch":"on",
  "Notice": "描述",
  "Blacklist": {
    "1": "172",
    "2": "192",
    "3": "localhost",
    "4": "winrss"
  },
  "Update": {
    "1.1.6": {
      "1": "新增允许在首页排除某些分类文章 (前往设置 - 文章)",
      "2": "新增允许贴图评论，支持关闭提交验证码 (前往设置 - 评论)",
      "3": "新增Inspire Player歌词显示和单曲数量，微调了一些动画效果"
    },
    "1.1.5": {
      "1": "播放器优化和BUG修复，精简代码和逻辑，加入缓存机制和网易VIP权限cookies设置（115以下版本更新后在音乐设置页点击一次清除数据按钮）",
      "2": "修复主题设置页图标库不显示的问题",
      "3": "本次更新使用的开发环境为 WordPress 4.9.5 & PHP 7.2.1，无异常"
    },
    "1.1.4": {
      "1": "对QQ资料进行评论功能优化，与昵称输入框结合使用并自动识别，减少API调用以提升页面加载速度",
      "2": "移除pingfangSS.ttf文件，保留苹方字体样式以供从浏览器读取本地字体文件(如果有的话)",
      "3": "针针云加速功能现已加入豪华午餐，请谨慎食用，主题设置 -> 拓展 进行设置",
      "4": "修复音乐播放器随机模式出现的异常问题",
      "5": "其他的针对性优化，部分结构修改，请务必安装主题完整包",
      "6": "本次更新使用的开发环境为 WordPress 4.9.5 & PHP 7.2.1，无异常"
    },
    "1.1.3": {
      "1": "默认字体改为苹方字体，主题包体积增加10MB",
      "2": "增加获取QQ号资料进行评论，由于使用外部API将会降低了页面加载速度",
      "3": "左边栏作者资料改为中文显示，淘汰辣鸡的英文",
      "4": "对登录信息优化，记录上一次登录日期",
      "5": "针针云加速（字体未能解决跨域问题该功能已被移除）",
      "6": "本次更新使用的开发环境为 WordPress 4.9.5 & PHP 7.2.1，无异常"
    },
    "1.1.2": {
      "1": "修复网易音乐接口",
      "2": "修复文章日期超过6个月后出现的异常问题",
      "3": "修复文章表格样式在移动端溢出的问题",
      "4": "优化PHP7.x兼容性？？？",
      "5": "还有一些零碎的修改具体是啥忘记了"
    },
    "1.1.1": {
      "1": "新增首页列表样式",
      "2": "诞生了一些未知的BUG"
    },
    "1.1.0": {
      "1": "新增支持文章相册",
      "2": "优化统计代码可以直接写入script标签，优化统计记录",
      "3": "优化文章内页的关键词和描述信息",
      "4": "优化发件SMTP功能支持SSL465端口",
      "5": "修复评论再编辑提交拦截纯英文失效的问题",
      "6": "诞生了一些未知的BUG"
    },
    "1.0.9": {
      "1": "新增支持头部横幅背景轮播",
      "2": "新增支持头部横幅背景外部链接",
      "3": "新增支持自定义博客别名",
      "4": "新增文章图片自动增加alt标签",
      "5": "新增支持音乐搜索结果翻页功能",
      "6": "新增代码高亮快捷按钮和可选样式",
      "7": "新增支持隐藏文章列表分类图像",
      "8": "修复归档页日期时间出错的问题",
      "9": "修复文章搜索结果样式问题",
      "10": "修复播放器网易MP3外链不播放的问题",
      "11": "调整未审核的评论的通知位置",
      "12": "修改了视频播放器样式",
      "13": "修改了table和ul标签的样式"
    },
    "1.0.8": {
      "1": "新增多个音乐曲库和搜索功能",
      "2": "新增支持文章添加歌单",
      "3": "新增横幅背景图滤镜效果调节",
      "4": "新增自定义头像和按钮样式",
      "5": "修复通知框内容异常问题",
      "6": "修复博客动态异常问题",
      "7": "修复加密文章首页依然显示内容问题",
      "8": "部分样式优化，设置项调整",
      "9": "重构部分JS代码的函数逻辑"
    },
    "1.0.7": {
      "1": "修复网页默认字体无效问题，选择“Arial”切换回默认字体",
      "2": "修复背景视频比例问题",
      "3": "修复面包屑错位问题",
      "4": "新增拦截纯英文评论",
      "5": "新增友情链接小工具",
      "6": "新增instagram,game,csdn,youtube图标",
      "7": "播放器设置调整，可使用专辑ID获取"
    },
    "1.0.6": {
      "1": "新增网页字体，设置项：风格",
      "2": "新增自定义访客默认头像，设置项：拓展",
      "3": "修复文章目录引导造成的已知BUG",
      "4": "优化背景视频设置项"
    },
    "1.0.5": {
      "1": "新增网页头部视频，设置项：拓展",
      "2": "新增自定义头部横幅高度，设置项：风格",
      "3": "开放文章目录导航，设置项：文章编辑页",
      "4": "细节调整"
    },
    "1.0.4": {
      "1": "修复火狐浏览器下部分颜色异常问题",
      "2": "修改文章页的日期格式",
      "3": "修改部分样式",
      "4": "修改部分功能函数",
      "5": "新增评论验证",
      "6": "新增输入框特效",
      "7": "新增面包屑导航",
      "8": "新增转载声明"
    },
    "1.0.3": {
      "1": "新增百度主动推送，详情前往设置项：SEO",
      "2": "新增网站事务邮件通知，详情前往设置项：管理",
      "3": "新增登录验证及其他安全性验证，详情前往设置项：管理",
      "4": "新增未审核评论提醒，管理员登录状态下在首页显示",
      "5": "其他细节优化"
    },
    "1.0.2": {
      "1": "更换网易音乐API",
      "2": "适配WP Editor.md插件",
      "3": "新增短代码快捷按钮至编辑器",
      "4": "新增友情链接头像可使用图片链接",
      "5": "修复文章图片无法居中问题",
      "6": "兼容IE"
    },
    "1.0.1": {
      "1": "修复主导航自动固定不正常问题。",
      "2": "修复归档页月份只显示5篇文章问题。",
      "3": "修复悬浮文章情况下，页面因为滚动条偏移的问题。",
      "5": "新增顶部导航自动显示访客头像等信息。",
      "6": "新增自定义文章列表缩略图显示方式，详情前往设置项：文章",
      "7": "新增自定义文章列表摘录长度，详情前往设置项：文章",
      "8": "新增文章编辑页附加设置，详情前往设置项：文章编辑页",
      "9": "新增分享功能。",
      "10": "新增图标。",
      "11": "优化部分CSS样式和JS代码。。",
      "12": "优化Gravatar头像源地址。",
      "13": "优化文章摘录。"
    },
    "1.0.0": {
      "1": "正式版发行。"
    }
  }
}
